{
  "train_cache_dir": "/groups/qgah50055/ide/concerto-shortcut-mvp/data/runs/ptv3_v151_raw_probs_scannet20/trainval384",
  "val_cache_dir": "/groups/qgah50055/ide/concerto-shortcut-mvp/data/runs/ptv3_v151_raw_probs_scannet20/full",
  "weak_classes": [
    "picture",
    "counter",
    "door",
    "sink",
    "shower curtain"
  ],
  "synthetic_mode": "prior",
  "prior_bias_strength": 1.0,
  "weak_bias": 2.0,
  "recover_alphas": [
    0.0,
    0.25,
    0.5,
    0.75,
    1.0,
    1.25,
    1.5
  ],
  "max_train_points": 500000,
  "train_points_used": 500000,
  "num_val_scenes": 312,
  "synthetic_bias": [
    5.796004295349121,
    5.358949661254883,
    3.411172866821289,
    -6.223846912384033,
    5.021656513214111,
    -6.223846912384033,
    4.506793975830078,
    3.5015900135040283,
    3.165726900100708,
    -6.223846912384033,
    1.0893735885620117,
    2.0644359588623047,
    4.131925582885742,
    -6.223846912384033,
    1.1731019020080566,
    -6.223846912384033,
    -6.223846912384033,
    0.6177687644958496,
    -6.223846912384033,
    3.72843074798584
  ],
  "learned_bias": [
    1.7953357696533203,
    0.4932310879230499,
    0.8492390513420105,
    -0.7363907694816589,
    -0.1103607639670372,
    -2.23984432220459,
    1.4890114068984985,
    -0.1769646257162094,
    -3.4014811515808105,
    -2.0430240631103516,
    7.229824066162109,
    3.1229681968688965,
    2.0547640323638916,
    -2.397625207901001,
    4.815771579742432,
    -0.29581645131111145,
    -0.8283236622810364,
    3.727849006652832,
    -0.23358812928199768,
    2.0746512413024902
  ],
  "balanced_bias": [
    -6.28240442276001,
    -4.811062812805176,
    -0.8921582698822021,
    -2.5596203804016113,
    -3.1812267303466797,
    -2.651820182800293,
    -1.0753387212753296,
    -4.299933433532715,
    1.6400049924850464,
    -2.0041680335998535,
    7.1006975173950195,
    2.5635595321655273,
    -0.9095979928970337,
    -2.2466139793395996,
    4.018093109130859,
    -1.8385097980499268,
    -1.8309922218322754,
    5.22821044921875,
    -1.6008765697479248,
    -0.9839544296264648
  ]
}
