variant,sample_mIoU,sample_allAcc,picture_iou,picture_to_wall
fold0_default::Concerto_fullFT,0.8128788224041044,0.9323511368189099,0.4255533199194957,0.41023890784982936
fold0_defer_p80,0.8128795114834262,0.9323511368189099,0.4255533199194957,0.41023890784982936
fold0_defer_p90,0.8128788224041044,0.9323511368189099,0.4255533199194957,0.41023890784982936
fold0_defer_p95,0.8128788224041044,0.9323511368189099,0.4255533199194957,0.41023890784982936
fold1_default::Concerto_fullFT,0.7924463154690682,0.9255402393830124,0.4991142604074181,0.3101190476190476
fold1_defer_p80,0.7927285951159688,0.9256310096153842,0.5022281639928475,0.3101190476190476
fold1_defer_p90,0.7924819706069994,0.9255464993990381,0.49977827050995566,0.3101190476190476
fold1_defer_p95,0.7924819706069994,0.9255464993990381,0.49977827050995566,0.3101190476190476
